<?xml version="1.0" encoding="UTF-8"?>
<metadata xml:lang="es"><Esri><CreaDate>20170720</CreaDate><CreaTime>12564400</CreaTime><ArcGISFormat>1.0</ArcGISFormat><SyncOnce>TRUE</SyncOnce><DataProperties><itemProps><itemLocation><linkage Sync="TRUE">file://\\sig\sig\compartir_SIG\Espacios_Lourdes_Alejandro\Capas_EBI\Demografia\Original\Linea_RH</linkage><protocol Sync="TRUE">Local Area Network</protocol></itemLocation></itemProps><copyHistory><copy source="G:\Mapas_dinamicos\Linea_RH" dest="\\sig\sig\compartir_SIG\Espacios_Lourdes_Alejandro\Capas_EBI\Demografia\Original\Linea_RH" date="20170720" time="12564400"></copy></copyHistory></DataProperties></Esri></metadata>
