<?xml version="1.0" encoding="UTF-8"?>
<metadata xml:lang="es"><Esri><CreaDate>20170720</CreaDate><CreaTime>12552800</CreaTime><ArcGISFormat>1.0</ArcGISFormat><SyncOnce>TRUE</SyncOnce><DataProperties><itemProps><itemLocation><linkage Sync="TRUE">file://\\sig\sig\compartir_SIG\Espacios_Lourdes_Alejandro\Capas_EBI\Demografia\Original\ResidenciasP</linkage><protocol Sync="TRUE">Local Area Network</protocol></itemLocation></itemProps><copyHistory><copy source="G:\Mapas_dinamicos\ResidenciasP" dest="\\sig\sig\compartir_SIG\Espacios_Lourdes_Alejandro\Capas_EBI\Demografia\Original\ResidenciasP" date="20170720" time="12552800"></copy></copyHistory></DataProperties></Esri></metadata>
